Model,Test Score,Accuracy,Precision,Recall,F1 Score
SVM (Linear),46.666666666666664,46.666666666666664,46.666666666666664,46.666666666666664,46.666666666666664
SVM (Poly),43.333333333333336,43.333333333333336,43.333333333333336,43.333333333333336,43.333333333333336
SVM (RBF),40.0,40.0,40.0,40.0,40.00000000000001
RF_50-Trees,40.0,40.0,40.0,40.0,40.00000000000001
RF_100-Trees,40.0,40.0,40.0,40.0,40.00000000000001
RF_150-Trees,40.0,40.0,40.0,40.0,40.00000000000001
