Model,Test Score,Accuracy,Precision,Recall,F1 Score
SVM (Linear),50.0,50.0,50.0,50.0,50.0
SVM (Poly),48.333333333333336,48.333333333333336,48.333333333333336,48.333333333333336,48.333333333333336
SVM (RBF),45.0,45.0,45.0,45.0,45.0
RF_50-Trees,40.0,40.0,40.0,40.0,40.00000000000001
RF_100-Trees,46.666666666666664,46.666666666666664,46.666666666666664,46.666666666666664,46.666666666666664
RF_150-Trees,48.333333333333336,48.333333333333336,48.333333333333336,48.333333333333336,48.333333333333336
