Model,Test Score,Accuracy,Precision,Recall,F1 Score
SVM (Linear),52.0,52.0,52.0,52.0,52.0
SVM (Poly),46.33333333333333,46.33333333333333,46.33333333333333,46.33333333333333,46.33333333333333
SVM (RBF),57.99999999999999,57.99999999999999,57.99999999999999,57.99999999999999,57.99999999999999
RF_50-Trees,67.33333333333333,67.33333333333333,67.33333333333333,67.33333333333333,67.33333333333333
RF_100-Trees,65.0,65.0,65.0,65.0,65.0
RF_150-Trees,65.0,65.0,65.0,65.0,65.0
