Model,Test Score,Accuracy,Precision,Recall,F1 Score
SVM (Linear),46.666666666666664,46.666666666666664,46.666666666666664,46.666666666666664,46.666666666666664
SVM (Poly),50.0,50.0,50.0,50.0,50.0
SVM (RBF),43.333333333333336,43.333333333333336,43.333333333333336,43.333333333333336,43.333333333333336
RF_50-Trees,60.0,60.0,60.0,60.0,60.0
RF_100-Trees,60.0,60.0,60.0,60.0,60.0
RF_150-Trees,56.666666666666664,56.666666666666664,56.666666666666664,56.666666666666664,56.666666666666664
